{"validationInputs":[230,228.14141845703125,226.28282165527344,224.4242401123047,222.56565856933594,220.7070770263672,218.84848022460938,216.98989868164062,215.13131713867188,213.27272033691406,211.4141387939453,209.55555725097656,207.69696044921875,205.83837890625,203.97979736328125,202.1212158203125,200.26263427734375,198.40403747558594,196.5454559326172,194.68685913085938,192.82827758789062,190.96969604492188,189.11111450195312,187.25253295898438,185.39393615722656,183.5353546142578,181.67677307128906,179.81817626953125,177.9595947265625,176.10101318359375,174.242431640625,172.3838348388672,170.52525329589844,168.66665649414062,166.80807495117188,164.94949340820312,163.09091186523438,161.23233032226562,159.3737335205078,157.51515197753906,155.6565704345703,153.7979736328125,151.93939208984375,150.080810546875,148.22222900390625,146.36363220214844,144.5050506591797,142.64645385742188,140.78787231445312,138.92929077148438,137.07070922851562,135.21212768554688,133.35354614257812,131.4949493408203,129.6363525390625,127.77777099609375,125.91919708251953,124.06060791015625,122.20201873779297,120.34342956542969,118.48484802246094,116.62625885009766,114.7676773071289,112.90909576416016,111.05050659179688,109.1919174194336,107.33332824707031,105.4747543334961,103.61616516113281,101.75758361816406,99.89898681640625,98.0404052734375,96.18180847167969,94.3232421875,92.46464538574219,90.60606384277344,88.74746704101562,86.88888549804688,85.03030395507812,83.17172241210938,81.31314086914062,79.45454406738281,77.59596252441406,75.73736572265625,73.8787841796875,72.02020263671875,70.16162109375,68.30302429199219,66.44444274902344,64.58586120605469,62.727264404296875,60.86869812011719,59.010101318359375,57.151519775390625,55.29292297363281,53.43434143066406,51.57574462890625,49.71717834472656,47.85858154296875,46],"validationResults":[19.568740844726562,19.679222106933594,19.789703369140625,19.900184631347656,20.010665893554688,20.12114715576172,20.23162841796875,20.342111587524414,20.452594757080078,20.56307601928711,20.67355728149414,20.784038543701172,20.894519805908203,21.005002975463867,21.115482330322266,21.225963592529297,21.336444854736328,21.446928024291992,21.557411193847656,21.667892456054688,21.77837371826172,21.88885498046875,21.99933624267578,22.109819412231445,22.220300674438477,22.330781936645508,22.44126319885254,22.551746368408203,22.662227630615234,22.772708892822266,22.883190155029297,22.993671417236328,23.104154586791992,23.214635848999023,23.325117111206055,23.435598373413086,23.54608154296875,23.65656280517578,23.767044067382812,23.877525329589844,23.988006591796875,24.098487854003906,24.20897102355957,24.3194522857666,24.429933547973633,24.540414810180664,24.650896072387695,24.76137924194336,24.87186050415039,24.982341766357422,25.092823028564453,25.203304290771484,25.31378746032715,25.42426872253418,25.53474998474121,25.645233154296875,25.755712509155273,25.866195678710938,25.97667694091797,26.087158203125,26.197641372680664,26.308122634887695,26.418603897094727,26.529085159301758,26.63956642150879,26.75004768371582,26.860530853271484,26.971012115478516,27.081493377685547,27.191974639892578,27.30245590209961,27.412939071655273,27.523420333862305,27.633901596069336,27.744382858276367,27.8548641204834,27.96534538269043,28.075828552246094,28.186309814453125,28.296791076660156,28.407272338867188,28.51775360107422,28.628236770629883,28.738718032836914,28.849199295043945,28.959680557250977,29.070161819458008,29.180644989013672,29.291126251220703,29.401607513427734,29.512088775634766,29.622570037841797,29.73305320739746,29.843534469604492,29.954015731811523,30.064496994018555,30.174978256225586,30.28546142578125,30.39594268798828,30.506423950195312]}