{"validationInputs":[230,228.14141845703125,226.28282165527344,224.4242401123047,222.56565856933594,220.7070770263672,218.84848022460938,216.98989868164062,215.13131713867188,213.27272033691406,211.4141387939453,209.55555725097656,207.69696044921875,205.83837890625,203.97979736328125,202.1212158203125,200.26263427734375,198.40403747558594,196.5454559326172,194.68685913085938,192.82827758789062,190.96969604492188,189.11111450195312,187.25253295898438,185.39393615722656,183.5353546142578,181.67677307128906,179.81817626953125,177.9595947265625,176.10101318359375,174.242431640625,172.3838348388672,170.52525329589844,168.66665649414062,166.80807495117188,164.94949340820312,163.09091186523438,161.23233032226562,159.3737335205078,157.51515197753906,155.6565704345703,153.7979736328125,151.93939208984375,150.080810546875,148.22222900390625,146.36363220214844,144.5050506591797,142.64645385742188,140.78787231445312,138.92929077148438,137.07070922851562,135.21212768554688,133.35354614257812,131.4949493408203,129.6363525390625,127.77777099609375,125.91919708251953,124.06060791015625,122.20201873779297,120.34342956542969,118.48484802246094,116.62625885009766,114.7676773071289,112.90909576416016,111.05050659179688,109.1919174194336,107.33332824707031,105.4747543334961,103.61616516113281,101.75758361816406,99.89898681640625,98.0404052734375,96.18180847167969,94.3232421875,92.46464538574219,90.60606384277344,88.74746704101562,86.88888549804688,85.03030395507812,83.17172241210938,81.31314086914062,79.45454406738281,77.59596252441406,75.73736572265625,73.8787841796875,72.02020263671875,70.16162109375,68.30302429199219,66.44444274902344,64.58586120605469,62.727264404296875,60.86869812011719,59.010101318359375,57.151519775390625,55.29292297363281,53.43434143066406,51.57574462890625,49.71717834472656,47.85858154296875,46],"validationResults":[13.131853103637695,13.40092658996582,13.669998168945312,13.939070701599121,14.208142280578613,14.477214813232422,14.746286392211914,15.015359878540039,15.284431457519531,15.553503036499023,15.822575569152832,16.09164810180664,16.360719680786133,16.629791259765625,16.89886474609375,17.167938232421875,17.437007904052734,17.70608139038086,17.97515296936035,18.244224548339844,18.51329803466797,18.78236961364746,19.051441192626953,19.320512771606445,19.58958625793457,19.858657836914062,20.127731323242188,20.396804809570312,20.665874481201172,20.934947967529297,21.20401954650879,21.47309112548828,21.742164611816406,22.01123809814453,22.28030776977539,22.549381256103516,22.818452835083008,23.0875244140625,23.356595993041992,23.625667572021484,23.89474105834961,24.163814544677734,24.432886123657227,24.70195770263672,24.971031188964844,25.240102767944336,25.509174346923828,25.778247833251953,26.047319412231445,26.316390991210938,26.58546257019043,26.854536056518555,27.123607635498047,27.392681121826172,27.661752700805664,27.93082618713379,28.19989585876465,28.468969345092773,28.738040924072266,29.007112503051758,29.276185989379883,29.545257568359375,29.814329147338867,30.08340072631836,30.352474212646484,30.62154769897461,30.8906192779541,31.159690856933594,31.42876434326172,31.69783592224121,31.966907501220703,32.23597717285156,32.50505065917969,32.77412414550781,33.04319381713867,33.3122673034668,33.581336975097656,33.85041046142578,34.119483947753906,34.38855743408203,34.657630920410156,34.92670440673828,35.195770263671875,35.46484375,35.733917236328125,36.00299072265625,36.272064208984375,36.54113006591797,36.81020736694336,37.07927703857422,37.348350524902344,37.61742401123047,37.88649368286133,38.15556716918945,38.42463684082031,38.69371032714844,38.96278381347656,39.23185348510742,39.50092315673828,39.77000045776367]}